{
  "model": "NeuroFusionGPT",
  "architecture": {
    "eeg_features": 16,
    "ecg_features": 187,
    "d_model": 128,
    "num_classes": 5,
    "total_params": 679557
  },
  "training": {
    "epochs_run": 37,
    "best_epoch": 27,
    "batch_size": 128,
    "learning_rate": 0.0003,
    "optimizer": "AdamW",
    "loss": "FocalLoss"
  },
  "test_metrics": {
    "accuracy": 0.9315274986296364,
    "balanced_accuracy": 0.9132844832639344,
    "macro_f1": 0.7826028631293143,
    "loss": 0.20534197535392004
  },
  "per_class_metrics": {
    "Calm": {
      "precision": 0.9933305790001771,
      "recall": 0.9289104757699526,
      "f1_score": 0.9600410712757765
    },
    "Mild Stress": {
      "precision": 0.36211031175059955,
      "recall": 0.814748201438849,
      "f1_score": 0.5013835085777532
    },
    "Moderate Stress": {
      "precision": 0.8205585264408793,
      "recall": 0.9537292817679558,
      "f1_score": 0.8821462791440434
    },
    "High Stress": {
      "precision": 0.47039473684210525,
      "recall": 0.8827160493827161,
      "f1_score": 0.6137339055793991
    },
    "Severe Stress": {
      "precision": 0.9269433080070134,
      "recall": 0.986318407960199,
      "f1_score": 0.9557095510695993
    }
  },
  "confusion_matrix": [
    [
      16830,
      782,
      267,
      124,
      115
    ],
    [
      80,
      453,
      16,
      2,
      5
    ],
    [
      19,
      8,
      1381,
      35,
      5
    ],
    [
      8,
      2,
      9,
      143,
      0
    ],
    [
      6,
      6,
      10,
      0,
      1586
    ]
  ],
  "class_names": [
    "Calm",
    "Mild Stress",
    "Moderate Stress",
    "High Stress",
    "Severe Stress"
  ]
}